Species,Habitat,Country,Latitude,Longitude,1970,1971,1972,1973,1974,1975,1976,1977,1978,1979,1980,1981,1982,1983,1984,1985,1986,1987,1988,1989,1990,1991,1992,1993,1994,1995,1996,1997,1998,1999,2000,2001,2002,2003,2004,2005,2006,2007,2008,2009,2010,2011,2012,2013,2014,2015,2016,2017,2018,2019,2020,2021,2022,2023,2024
Amur Leopard,Himalayas,Nepal,28.0,83.0,3560,3388,3226,3071,2923,2783,2649,2522,2401,2285,2175,2071,1971,1877,1786,1701,1619,1541,1467,1396,1329,1265,1205,1147,1092,1039,989,942,896,853,812,773,736,701,667,635,604,575,548,521,496,472,450,428,407,388,369,351,335,318,303,289,275,261,249
Javan Rhino,Himalayas,Nepal,28.0,83.0,1338,1319,1302,1284,1266,1249,1232,1216,1199,1183,1167,1151,1136,1120,1105,1090,1075,1061,1046,1032,1018,1004,991,977,964,951,938,925,913,901,888,876,864,853,841,830,819,807,796,786,775,765,754,744,734,724,714,704,695,685,676,667,658,649,640
Vaquita,Andes Mountains,Peru,-13.2,-72.3,4507,4301,4106,3919,3740,3570,3407,3252,3104,2963,2828,2699,2576,2459,2347,2240,2138,2041,1948,1859,1775,1694,1617,1543,1473,1406,1342,1281,1222,1167,1113,1063,1014,968,924,882,842,803,767,732,699,667,636,607,580,553,528,504,481,459,438,418,399,381,364
Mountain Gorilla,Galápagos Islands,Ecuador,-0.5,-91.0,3095,3019,2946,2874,2804,2736,2669,2604,2541,2479,2418,2359,2302,2246,2191,2138,2086,2035,1985,1937,1890,1844,1799,1755,1712,1671,1630,1590,1552,1514,1477,1441,1406,1372,1338,1306,1274,1243,1212,1183,1154,1126,1099,1072,1046,1020,995,971,947,924,902,880,858,838,817
Tapanuli Orangutan,Congo Rainforest,Democratic Republic of Congo,-1.5,23.5,507,499,492,484,477,470,463,456,449,442,436,429,423,417,410,404,398,392,386,381,375,369,364,358,353,348,343,338,333,328,323,318,313,308,304,299,295,290,286,282,278,274,269,265,261,258,254,250,246,243,239,235,232,228,225
Yangtze Giant Softshell Turtle,Congo Rainforest,Democratic Republic of Congo,-1.5,23.5,2809,2686,2570,2458,2351,2249,2151,2058,1968,1883,1801,1722,1648,1576,1507,1442,1379,1319,1262,1207,1155,1104,1056,1010,966,924,884,846,809,774,740,708,677,648,620,593,567,542,519,496,474,454,434,415,397,380,363,347,332,318,304,291,278,266,254
Hainan Gibbon,Himalayas,Nepal,28.0,83.0,3566,3459,3355,3255,3158,3063,2972,2883,2797,2713,2632,2553,2477,2403,2331,2261,2194,2128,2064,2003,1943,1885,1828,1774,1721,1669,1619,1571,1524,1478,1434,1391,1350,1309,1270,1232,1195,1159,1125,1091,1058,1027,996,966,937,909,882,856,830,805,781,758,735,713,692
Pygmy Three-Toed Sloth,Himalayas,Nepal,28.0,83.0,3768,3659,3554,3452,3353,3256,3163,3072,2983,2898,2814,2733,2655,2579,2504,2432,2363,2295,2229,2165,2102,2042,1983,1926,1871,1817,1765,1714,1665,1617,1570,1525,1481,1439,1397,1357,1318,1280,1244,1208,1173,1139,1107,1075,1044,1014,985,956,929,902,876,851,827,803,780
Saola,Hawaiian Islands,USA,20.0,-155.0,1199,1172,1146,1120,1095,1071,1047,1024,1001,979,957,936,915,895,875,856,837,818,800,782,765,748,731,715,699,683,668,653,639,625,611,597,584,571,558,546,534,522,510,499,488,477,466,456,446,436,426,417,407,398,390,381,372,364,356
Axolotl,Madagascar,Madagascar,-20.0,47.0,4455,4334,4217,4102,3991,3883,3778,3676,3577,3480,3386,3294,3205,3118,3034,2951,2872,2794,2718,2645,2573,2503,2436,2370,2306,2243,2182,2123,2066,2010,1956,1903,1851,1801,1752,1705,1659,1614,1570,1528,1486,1446,1407,1369,1332,1296,1261,1226,1193,1161,1129,1099,1069,1040,1012
Hooded Grebe,Himalayas,Nepal,28.0,83.0,3289,3125,2970,2823,2683,2550,2423,2303,2189,2080,1977,1879,1786,1697,1613,1533,1457,1384,1316,1250,1188,1129,1073,1020,969,921,876,832,791,752,714,679,645,613,583,554,526,500,475,452,429,408,388,368,350,333,316,300,286,271,258,245,233,221,210
Chinese Pangolin,Russian Far East,Russia,46.0,134.0,3881,3764,3650,3540,3434,3331,3230,3133,3039,2947,2859,2772,2689,2608,2530,2453,2380,2308,2238,2171,2106,2042,1981,1921,1863,1807,1753,1700,1649,1599,1551,1504,1459,1415,1372,1331,1291,1252,1214,1178,1142,1108,1075,1042,1011,980,951,922,895,868,841,816,792,768,745
Kakapo,Amazon Rainforest,Brazil,-3.5,-62.0,815,795,776,758,740,722,705,689,672,656,641,626,611,596,582,568,555,542,529,516,504,492,480,469,458,447,436,426,416,406,396,387,378,369,360,352,343,335,327,319,312,304,297,290,283,276,270,264,257,251,245,239,234,228,223
Gooty Sapphire Tarantula,Russian Far East,Russia,46.0,134.0,1435,1369,1306,1246,1189,1135,1083,1034,986,941,898,857,818,780,745,711,678,647,617,589,562,536,512,488,466,445,424,405,386,369,352,336,320,306,292,278,266,253,242,231,220,210,200,191,182,174,166,158,151,144,138,131,125,120,114
Hirola,Yangtze River,China,31.0,120.5,4698,4541,4390,4243,4102,3965,3833,3705,3582,3462,3347,3235,3127,3023,2922,2825,2731,2640,2552,2467,2385,2305,2228,2154,2082,2013,1946,1881,1818,1757,1699,1642,1587,1535,1483,1434,1386,1340,1295,1252,1210,1170,1131,1093,1057,1022,987,955,923,892,862,833,806,779,753
Pangasius Sanitwongsei,Hawaiian Islands,USA,20.0,-155.0,4813,4616,4428,4248,4075,3909,3750,3597,3450,3310,3175,3046,2921,2802,2688,2579,2474,2373,2276,2183,2094,2009,1927,1849,1773,1701,1632,1565,1502,1440,1382,1325,1271,1220,1170,1122,1076,1033,990,950,911,874,839,804,772,740,710,681,653,627,601,577,553,531,509
Golden Poison Frog,Amazon Rainforest,Brazil,-3.5,-62.0,768,759,751,743,735,727,720,712,704,697,690,682,675,668,661,654,647,640,633,626,619,613,606,600,593,587,581,575,569,562,556,551,545,539,533,527,522,516,511,505,500,495,489,484,479,474,469,464,459,454,449,444,440,435,430
Baiji,Madagascar,Madagascar,-20.0,47.0,2460,2377,2297,2220,2146,2074,2004,1937,1872,1809,1748,1690,1633,1578,1525,1474,1425,1377,1331,1286,1243,1201,1161,1122,1084,1048,1013,979,946,914,883,854,825,797,771,745,720,696,672,650,628,607,586,567,548,529,511,494,478,462,446,431,417,403,389
Malayan Tiger,Sumatra Rainforest,Indonesia,-2.0,101.0,652,629,608,587,567,548,530,512,494,478,461,446,431,416,402,388,375,362,350,338,327,316,305,294,284,275,265,256,248,239,231,223,216,208,201,195,188,182,175,169,164,158,153,148,142,138,133,128,124,120,116,112,108,104,101
Philippine Eagle,Galápagos Islands,Ecuador,-0.5,-91.0,2944,2833,2726,2624,2525,2430,2338,2250,2166,2084,2006,1930,1858,1788,1720,1656,1593,1533,1476,1420,1367,1315,1266,1218,1172,1128,1086,1045,1005,968,931,896,862,830,799,769,740,712,685,659,634,610,587,565,544,524,504,485,467,449,432,416,400,385,371
Bornean Orangutan,Great Barrier Reef,Australia,-18.3,147.7,2582,2490,2401,2316,2234,2154,2078,2004,1933,1864,1798,1734,1672,1613,1556,1500,1447,1396,1346,1298,1252,1208,1165,1123,1083,1045,1008,972,937,904,872,841,811,782,755,728,702,677,653,630,607,586,565,545,525,507,489,471,455,438,423,408,393,379,366
Hawaiian Crow,Sundarbans Mangroves,Bangladesh,21.9,89.1,1342,1281,1223,1168,1115,1065,1016,971,927,885,845,807,770,735,702,670,640,611,583,557,532,508,485,463,442,422,403,385,367,351,335,320,305,291,278,266,254,242,231,221,211,201,192,183,175,167,160,152,145,139,133,127,121,115,110
Black-Footed Ferret,Yangtze River,China,31.0,120.5,2063,1966,1875,1787,1704,1625,1549,1477,1408,1342,1280,1220,1163,1109,1057,1008,961,916,874,833,794,757,722,688,656,626,596,569,542,517,493,470,448,427,407,388,370,353,336,321,306,291,278,265,252,241,229,219,208,199,189,181,172,164,156
Addax,Andes Mountains,Peru,-13.2,-72.3,2810,2765,2721,2678,2635,2594,2552,2512,2472,2433,2394,2356,2319,2282,2246,2210,2175,2141,2107,2073,2040,2008,1976,1945,1914,1883,1854,1824,1795,1767,1739,1711,1684,1657,1631,1605,1580,1554,1530,1506,1482,1458,1435,1412,1390,1368,1346,1325,1304,1283,1263,1243,1223,1203,1184
Spoon-Billed Sandpiper,Gulf of California,Mexico,30.0,-114.0,3104,3067,3030,2994,2959,2924,2889,2855,2821,2787,2754,2721,2689,2657,2626,2594,2564,2533,2503,2473,2444,2415,2386,2358,2330,2302,2275,2248,2221,2195,2169,2143,2118,2093,2068,2043,2019,1995,1971,1948,1925,1902,1879,1857,1835,1813,1792,1770,1749,1729,1708,1688,1668,1648,1628
Iberian Lynx,Himalayas,Nepal,28.0,83.0,1990,1960,1932,1903,1876,1848,1821,1795,1768,1742,1717,1692,1667,1643,1619,1595,1572,1549,1526,1504,1482,1460,1439,1418,1397,1376,1356,1336,1317,1298,1279,1260,1242,1223,1205,1188,1170,1153,1136,1120,1103,1087,1071,1056,1040,1025,1010,995,981,966,952,938,925,911,898
California Condor,Himalayas,Nepal,28.0,83.0,3416,3271,3132,3000,2873,2751,2635,2523,2416,2314,2216,2122,2032,1946,1864,1785,1709,1637,1568,1501,1438,1377,1318,1263,1209,1158,1109,1062,1017,974,933,893,855,819,784,751,719,689,660,632,605,579,555,531,509,487,467,447,428,410,392,376,360,345,330
Red Wolf,Sumatra Rainforest,Indonesia,-2.0,101.0,1624,1576,1531,1486,1443,1401,1360,1321,1282,1245,1209,1174,1140,1107,1075,1043,1013,984,955,927,900,874,849,824,800,777,754,732,711,691,670,651,632,614,596,579,562,545,530,514,499,485,471,457,444,431,418,406,394,383,372,361,350,340,330
Giant Chinese Salamander,Himalayas,Nepal,28.0,83.0,3792,3709,3629,3550,3474,3398,3325,3253,3182,3113,3046,2980,2915,2852,2790,2730,2671,2613,2556,2501,2447,2394,2342,2291,2242,2193,2146,2099,2054,2009,1966,1923,1881,1841,1801,1762,1724,1686,1650,1614,1579,1545,1511,1479,1447,1415,1385,1355,1325,1297,1268,1241,1214,1188,1162
Okapi,Sundarbans Mangroves,Bangladesh,21.9,89.1,2922,2886,2851,2816,2782,2748,2714,2681,2648,2616,2584,2552,2521,2491,2460,2430,2400,2371,2342,2314,2285,2258,2230,2203,2176,2149,2123,2097,2072,2046,2021,1997,1972,1948,1925,1901,1878,1855,1832,1810,1788,1766,1744,1723,1702,1681,1661,1641,1621,1601,1581,1562,1543,1524,1505
Angel Shark,Hawaiian Islands,USA,20.0,-155.0,2943,2836,2733,2633,2538,2446,2357,2271,2189,2109,2033,1959,1888,1819,1753,1690,1628,1569,1512,1457,1404,1353,1304,1257,1211,1167,1125,1084,1045,1007,970,935,901,868,837,806,777,749,721,695,670,646,622,600,578,557,537,517,498,480,463,446,430,414,399
Giant Pangolin,Amazon Rainforest,Brazil,-3.5,-62.0,535,525,516,507,498,490,481,473,465,456,449,441,433,426,418,411,404,397,390,383,376,370,363,357,351,345,339,333,327,321,316,310,305,300,294,289,284,279,274,270,265,260,256,251,247,243,238,234,230,226,222,218,215,211,207
Hainan Partridge,Yangtze River,China,31.0,120.5,2943,2808,2679,2557,2440,2328,2221,2120,2023,1930,1842,1758,1677,1600,1527,1457,1390,1327,1266,1208,1153,1100,1050,1002,956,912,870,830,792,756,721,688,657,627,598,571,545,520,496,473,451,431,411,392,374,357,341,325,310,296,282,269,257,245,234
Bengal Tiger,Great Barrier Reef,Australia,-18.3,147.7,3410,3241,3081,2929,2784,2647,2516,2392,2274,2162,2055,1953,1857,1765,1678,1595,1516,1441,1370,1303,1238,1177,1119,1064,1011,961,914,869,826,785,746,709,674,641,609,579,551,523,497,473,449,427,406,386,367,349,332,315,300,285,271,257,245,233,221
Sumatran Orangutan,Madagascar,Madagascar,-20.0,47.0,4576,4446,4319,4197,4078,3962,3849,3740,3634,3531,3431,3333,3239,3147,3057,2970,2886,2804,2725,2647,2572,2499,2428,2359,2292,2227,2164,2102,2043,1985,1928,1874,1820,1769,1719,1670,1622,1576,1532,1488,1446,1405,1365,1326,1288,1252,1216,1182,1148,1116,1084,1053,1023,994,966
Ploughshare Tortoise,Hainan Island,China,19.0,109.0,3273,3197,3124,3052,2981,2913,2846,2780,2716,2653,2592,2533,2474,2417,2362,2307,2254,2202,2152,2102,2054,2006,1960,1915,1871,1828,1786,1745,1704,1665,1627,1589,1553,1517,1482,1448,1414,1382,1350,1319,1289,1259,1230,1202,1174,1147,1120,1095,1069,1045,1021,997,974,952,930
Ethiopian Wolf,Great Barrier Reef,Australia,-18.3,147.7,2879,2737,2602,2474,2353,2237,2127,2023,1923,1829,1739,1653,1572,1495,1421,1351,1285,1222,1162,1104,1050,999,949,903,858,816,776,738,702,667,634,603,573,545,518,493,469,446,424,403,383,364,346,329,313,298,283,269,256,243,231,220,209,199,189
Spix’s Macaw,Sumatra Rainforest,Indonesia,-2.0,101.0,624,601,580,559,540,520,502,484,467,450,434,419,404,390,376,362,350,337,325,314,303,292,281,271,262,252,243,235,226,218,211,203,196,189,182,176,170,163,158,152,147,141,136,132,127,122,118,114,110,106,102,98,95,92,88
Indus River Dolphin,Madagascar,Madagascar,-20.0,47.0,571,557,544,531,519,506,495,483,472,460,450,439,429,419,409,399,390,381,372,363,354,346,338,330,322,315,307,300,293,286,279,273,266,260,254,248,242,236,231,225,220,215,210,205,200,195,191,186,182,177,173,169,165,161,158
Galápagos Penguin,Sumatra Rainforest,Indonesia,-2.0,101.0,1853,1767,1685,1607,1533,1462,1394,1330,1268,1210,1154,1100,1049,1001,955,910,868,828,790,753,718,685,653,623,594,567,541,516,492,469,447,427,407,388,370,353,337,321,306,292,278,266,253,241,230,220,209,200,190,182,173,165,158,150,143
Totoaba,Great Barrier Reef,Australia,-18.3,147.7,2427,2308,2195,2088,1986,1889,1797,1709,1626,1546,1471,1399,1330,1265,1204,1145,1089,1036,985,937,891,848,806,767,729,694,660,628,597,568,540,514,489,465,442,420,400,380,362,344,327,311,296,281,268,255,242,230,219,208,198,188,179,170,162
Lord Howe Island Stick Insect,Gulf of California,Mexico,30.0,-114.0,2710,2609,2511,2418,2328,2241,2158,2077,2000,1925,1854,1784,1718,1654,1592,1533,1476,1421,1368,1317,1268,1221,1175,1131,1089,1049,1010,972,936,901,867,835,804,774,745,717,691,665,640,616,593,571,550,529,510,491,472,455,438,421,406,391,376,362,348
Madagascar Pochard,Yangtze River,China,31.0,120.5,1830,1751,1676,1604,1535,1469,1406,1346,1288,1233,1180,1129,1081,1034,990,947,907,868,830,795,761,728,697,667,638,611,584,559,535,512,490,469,449,430,411,394,377,361,345,330,316,302,289,277,265,254,243,232,222,213,204,195,186,178,171
Cebu Flowerpecker,Great Barrier Reef,Australia,-18.3,147.7,3581,3407,3243,3086,2937,2795,2660,2531,2409,2292,2181,2076,1976,1880,1789,1703,1620,1542,1468,1397,1329,1265,1204,1145,1090,1037,987,939,894,851,810,770,733,698,664,632,601,572,545,518,493,469,447,425,404,385,366,348,332,316,300,286,272,259,246
Cuban Solenodon,Great Barrier Reef,Australia,-18.3,147.7,2578,2512,2449,2387,2327,2268,2211,2155,2100,2047,1996,1945,1896,1848,1801,1756,1712,1668,1626,1585,1545,1506,1468,1431,1395,1359,1325,1292,1259,1227,1196,1166,1136,1108,1080,1052,1026,1000,975,950,926,903,880,858,836,815,794,774,755,735,717,699,681,664,647
Northern Bald Ibis,Galápagos Islands,Ecuador,-0.5,-91.0,1740,1712,1686,1659,1633,1608,1582,1558,1533,1509,1486,1463,1440,1417,1395,1373,1352,1330,1310,1289,1269,1249,1230,1210,1191,1173,1154,1136,1119,1101,1084,1067,1050,1034,1018,1002,986,971,955,940,926,911,897,883,869,856,842,829,816,803,791,778,766,754,742
Lesser Antillean Iguana,Russian Far East,Russia,46.0,134.0,2545,2445,2350,2258,2170,2086,2004,1926,1851,1779,1709,1643,1579,1517,1458,1401,1346,1294,1243,1195,1148,1104,1061,1019,979,941,905,869,835,803,771,741,712,685,658,632,608,584,561,539,518,498,478,460,442,425,408,392,377,362,348,334,321,309,297
Siberian Crane,Russian Far East,Russia,46.0,134.0,1304,1269,1235,1202,1170,1138,1108,1078,1050,1022,994,968,942,917,892,868,845,823,801,779,759,738,719,699,681,662,645,628,611,594,579,563,548,533,519,505,492,479,466,453,441,430,418,407,396,385,375,365,355,346,337,328,319,310,302
Honduran Emerald,Sumatra Rainforest,Indonesia,-2.0,101.0,4228,4032,3846,3668,3499,3337,3183,3036,2895,2762,2634,2512,2396,2285,2180,2079,1983,1891,1804,1720,1641,1565,1493,1424,1358,1295,1235,1178,1124,1072,1022,975,930,887,846,807,770,734,700,668,637,607,579,552,527,503,479,457,436,416,397,378,361,344,328
Jamaican Rock Iguana,Hainan Island,China,19.0,109.0,3565,3478,3393,3310,3229,3150,3073,2998,2925,2854,2784,2716,2650,2585,2522,2461,2400,2342,2285,2229,2175,2121,2070,2019,1970,1922,1875,1829,1784,1741,1698,1657,1617,1577,1539,1501,1464,1429,1394,1360,1327,1294,1263,1232,1202,1172,1144,1116,1089,1062,1036,1011,986,962,939
Seychelles Sheath-Tailed Bat,Andes Mountains,Peru,-13.2,-72.3,808,769,733,699,666,634,604,576,549,523,498,475,452,431,411,391,373,355,339,323,307,293,279,266,253,241,230,219,209,199,190,181,172,164,156,149,142,135,129,123,117,111,106,101,96,92,87,83,79,75,72,68,65,62,59
Vaquita,Great Barrier Reef,Australia,-18.3,147.7,1610,1568,1528,1489,1451,1414,1378,1343,1309,1275,1243,1211,1180,1150,1121,1092,1064,1037,1011,985,960,935,911,888,865,843,822,801,780,760,741,722,704,686,668,651,634,618,602,587,572,557,543,529,516,503,490,477,465,453,442,430,419,409,398
Titicaca Water Frog,Sundarbans Mangroves,Bangladesh,21.9,89.1,1193,1152,1112,1074,1038,1002,968,935,903,872,842,813,785,758,733,707,683,660,637,616,594,574,554,535,517,499,482,466,450,435,420,405,391,378,365,353,340,329,318,307,296,286,276,267,258,249,240,232,224,216,209,202,195,188,182
Red-Crowned Roofed Turtle,Andes Mountains,Peru,-13.2,-72.3,4786,4610,4441,4278,4121,3970,3825,3684,3549,3419,3294,3173,3057,2945,2837,2733,2632,2536,2443,2353,2267,2184,2104,2027,1952,1881,1812,1745,1681,1620,1560,1503,1448,1395,1344,1294,1247,1201,1157,1115,1074,1034,996,960,925,891,858,827,796,767,739,712,686,661,636
Blue Whale,Amazon Rainforest,Brazil,-3.5,-62.0,1059,1034,1009,986,962,940,918,896,875,854,834,815,796,777,759,741,723,706,690,673,658,642,627,612,598,584,570,557,544,531,518,506,494,483,471,460,449,439,428,418,409,399,390,380,371,363,354,346,338,330,322,314,307,300,293
Yangtze Sturgeon,Amazon Rainforest,Brazil,-3.5,-62.0,4046,3931,3819,3711,3606,3504,3404,3308,3214,3123,3034,2948,2865,2784,2705,2628,2553,2481,2411,2342,2276,2211,2149,2088,2029,1971,1915,1861,1808,1757,1707,1659,1612,1566,1522,1478,1436,1396,1356,1318,1280,1244,1209,1174,1141,1109,1077,1047,1017,988,960,933,907,881,856
Laysan Duck,Great Barrier Reef,Australia,-18.3,147.7,2056,1984,1916,1849,1785,1724,1664,1607,1551,1497,1445,1395,1347,1301,1256,1212,1170,1130,1091,1053,1016,981,947,915,883,852,823,794,767,740,715,690,666,643,621,599,579,559,539,521,503,485,468,452,436,421,407,393,379,366,353,341,329,318,307
Spoon-Billed Sandpiper,Great Barrier Reef,Australia,-18.3,147.7,4310,4230,4153,4076,4002,3928,3856,3785,3716,3647,3580,3515,3450,3387,3324,3263,3203,3145,3087,3030,2974,2920,2866,2814,2762,2711,2661,2612,2564,2517,2471,2426,2381,2337,2295,2252,2211,2170,2131,2091,2053,2015,1978,1942,1906,1871,1837,1803,1770,1737,1706,1674,1643,1613,1584
West African Giraffe,Gulf of California,Mexico,30.0,-114.0,3752,3669,3589,3510,3434,3358,3285,3213,3142,3074,3006,2940,2876,2813,2751,2691,2632,2575,2518,2463,2409,2356,2305,2254,2205,2157,2109,2063,2018,1974,1931,1888,1847,1806,1767,1728,1690,1653,1617,1582,1547,1513,1480,1448,1416,1385,1355,1325,1296,1267,1240,1213,1186,1160,1135
Bactrian Camel,Andes Mountains,Peru,-13.2,-72.3,4944,4860,4777,4696,4617,4538,4461,4386,4311,4238,4166,4096,4026,3958,3891,3825,3760,3696,3634,3572,3512,3452,3394,3336,3279,3224,3169,3115,3063,3011,2960,2909,2860,2812,2764,2717,2671,2626,2581,2537,2494,2452,2411,2370,2329,2290,2251,2213,2175,2139,2102,2067,2032,1997,1963
Siamese Crocodile,Andes Mountains,Peru,-13.2,-72.3,3946,3846,3750,3655,3563,3474,3387,3301,3218,3138,3059,2982,2907,2834,2762,2693,2625,2559,2495,2432,2371,2311,2253,2197,2141,2088,2035,1984,1934,1885,1838,1792,1747,1703,1660,1618,1578,1538,1499,1462,1425,1389,1354,1320,1287,1255,1223,1192,1162,1133,1105,1077,1050,1023,998
Saiga Antelope,Himalayas,Nepal,28.0,83.0,2787,2752,2718,2684,2651,2618,2585,2553,2521,2490,2459,2429,2398,2369,2339,2310,2282,2253,2225,2198,2170,2143,2117,2090,2064,2039,2013,1988,1964,1939,1915,1891,1868,1845,1822,1799,1777,1755,1733,1712,1690,1669,1649,1628,1608,1588,1568,1549,1529,1510,1492,1473,1455,1437,1419
African Wild Ass,Sundarbans Mangroves,Bangladesh,21.9,89.1,1973,1897,1825,1756,1689,1625,1563,1503,1446,1391,1338,1287,1238,1191,1146,1102,1060,1020,981,944,908,873,840,808,777,748,719,692,666,640,616,592,570,548,527,507,488,469,451,434,418,402,387,372,358,344,331,318,306,295,283,272,262,252,243
Caspian Seal,Congo Rainforest,Democratic Republic of Congo,-1.5,23.5,2282,2205,2131,2060,1991,1924,1860,1798,1737,1679,1623,1569,1516,1465,1416,1369,1323,1279,1236,1194,1154,1116,1078,1042,1007,974,941,909,879,850,821,794,767,741,716,692,669,647,625,604,584,564,545,527,510,492,476,460,445,430,415,401,388,375,362
Mountain Plover,Hainan Island,China,19.0,109.0,2910,2876,2843,2810,2777,2745,2714,2682,2651,2621,2590,2561,2531,2502,2473,2444,2416,2388,2361,2333,2306,2280,2253,2227,2202,2176,2151,2126,2102,2077,2053,2030,2006,1983,1960,1938,1915,1893,1871,1850,1828,1807,1786,1766,1745,1725,1705,1685,1666,1647,1628,1609,1590,1572,1554
Narwhal,Yangtze River,China,31.0,120.5,1860,1808,1759,1710,1663,1618,1573,1530,1488,1447,1407,1369,1331,1294,1259,1224,1190,1158,1126,1095,1065,1036,1007,979,953,926,901,876,852,829,806,784,762,741,721,701,682,663,645,627,610,593,577,561,545,530,516,502,488,474,461,449,436,424,413
Japanese Eel,Hawaiian Islands,USA,20.0,-155.0,4927,4834,4743,4654,4566,4480,4396,4313,4232,4152,4074,3997,3922,3848,3776,3705,3635,3567,3500,3434,3369,3306,3244,3183,3123,3064,3006,2950,2894,2840,2786,2734,2682,2632,2582,2534,2486,2439,2393,2348,2304,2261,2218,2177,2136,2095,2056,2017,1979,1942,1905,1870,1834,1800,1766
Thick-Billed Parrot,Hawaiian Islands,USA,20.0,-155.0,4975,4752,4539,4336,4142,3956,3779,3610,3448,3294,3146,3005,2871,2742,2619,2502,2390,2283,2181,2083,1990,1901,1816,1734,1657,1583,1512,1444,1379,1317,1258,1202,1148,1097,1048,1001,956,913,872,833,796,760,726,694,663,633,604,577,552,527,503,481,459,439,419
Mekong Giant Catfish,Amazon Rainforest,Brazil,-3.5,-62.0,1700,1664,1629,1594,1561,1528,1496,1464,1433,1403,1373,1344,1316,1288,1261,1234,1208,1183,1158,1134,1110,1086,1063,1041,1019,998,976,956,936,916,897,878,859,841,823,806,789,772,756,740,725,709,694,680,665,651,638,624,611,598,585,573,561,549,538
Kakapo,Himalayas,Nepal,28.0,83.0,3754,3622,3494,3371,3253,3139,3028,2922,2819,2720,2624,2532,2443,2357,2274,2194,2117,2043,1971,1902,1835,1770,1708,1648,1590,1534,1480,1428,1378,1330,1283,1238,1194,1152,1112,1073,1035,998,963,929,897,865,835,805,777,750,723,698,673,650,627,605,584,563,543
Iriomote Cat,Hawaiian Islands,USA,20.0,-155.0,3606,3450,3300,3158,3021,2890,2765,2646,2531,2422,2317,2217,2121,2029,1941,1857,1777,1700,1627,1556,1489,1425,1363,1304,1248,1194,1142,1093,1045,1000,957,915,876,838,802,767,734,702,672,643,615,588,563,538,515,493,471,451,431,413,395,378,361,346,331
Green Turtle,Galápagos Islands,Ecuador,-0.5,-91.0,3432,3359,3287,3218,3149,3082,3017,2953,2890,2829,2769,2710,2653,2596,2541,2487,2434,2383,2332,2283,2234,2187,2140,2095,2050,2007,1964,1923,1882,1842,1803,1764,1727,1690,1654,1619,1585,1551,1518,1486,1455,1424,1393,1364,1335,1307,1279,1252,1225,1199,1174,1149,1124,1100,1077
Giant Otter,Yangtze River,China,31.0,120.5,1871,1789,1711,1637,1566,1498,1433,1370,1311,1254,1199,1147,1097,1050,1004,960,919,879,841,804,769,736,704,673,644,616,589,563,539,515,493,472,451,431,413,395,378,361,345,330,316,302,289,276,264,253,242,231,221,212,202,194,185,177,169
Pallas’s Cat,Hawaiian Islands,USA,20.0,-155.0,3474,3358,3246,3137,3033,2931,2834,2739,2648,2559,2474,2391,2311,2234,2160,2088,2018,1951,1886,1823,1762,1703,1646,1591,1538,1487,1437,1389,1343,1298,1255,1213,1172,1133,1095,1059,1024,989,956,924,894,864,835,807,780,754,729,705,681,658,636,615,594,575,555
Sunda Pangolin,Russian Far East,Russia,46.0,134.0,2816,2709,2606,2507,2412,2321,2233,2148,2066,1988,1913,1840,1770,1703,1639,1576,1517,1459,1404,1350,1299,1250,1203,1157,1113,1071,1030,991,953,917,882,849,817,786,756,727,700,673,648,623,599,577,555,534,513,494,475,457,440,423,407,392,377,362,349
Vaquita,Andes Mountains,Peru,-13.2,-72.3,982,941,901,864,828,793,760,729,698,669,641,615,589,564,541,518,497,476,456,437,419,401,385,369,353,339,324,311,298,286,274,262,251,241,231,221,212,203,195,186,179,171,164,157,151,144,138,133,127,122,117,112,107,103,98
Marine Iguana,Sundarbans Mangroves,Bangladesh,21.9,89.1,4890,4714,4545,4382,4225,4073,3927,3786,3650,3519,3393,3271,3154,3041,2932,2826,2725,2627,2533,2442,2354,2270,2188,2110,2034,1961,1891,1823,1758,1694,1634,1575,1519,1464,1411,1361,1312,1265,1219,1176,1134,1093,1054,1016,979,944,910,878,846,816,786,758,731,705,679
Blue-Throated Macaw,Madagascar,Madagascar,-20.0,47.0,643,628,615,601,588,575,563,550,538,527,515,504,493,482,472,461,451,441,432,422,413,404,395,387,378,370,362,354,346,339,331,324,317,310,303,296,290,284,277,271,265,260,254,248,243,238,232,227,222,218,213,208,204,199,195
Greater Bamboo Lemur,Galápagos Islands,Ecuador,-0.5,-91.0,1101,1047,997,948,902,859,817,778,740,704,670,638,607,577,549,523,498,473,451,429,408,388,369,352,334,318,303,288,274,261,248,236,225,214,204,194,184,175,167,159,151,144,137,130,124,118,112,107,101,96,92,87,83,79,75
California Tiger Salamander,Gulf of California,Mexico,30.0,-114.0,1099,1047,998,951,907,864,824,785,748,713,680,648,617,589,561,535,510,486,463,441,420,401,382,364,347,331,315,300,286,273,260,248,236,225,215,204,195,186,177,169,161,153,146,139,133,126,120,115,109,104,99,95,90,86,82
Sri Lankan Elephant,Congo Rainforest,Democratic Republic of Congo,-1.5,23.5,691,679,667,655,644,633,622,611,601,591,580,570,561,551,542,532,523,514,505,496,488,480,471,463,455,447,440,432,425,417,410,403,396,389,383,376,370,363,357,351,345,339,333,327,322,316,311,305,300,295,290,285,280,275,270
Brown Spider Monkey,Hainan Island,China,19.0,109.0,4903,4668,4444,4231,4029,3836,3652,3477,3311,3152,3001,2858,2721,2590,2466,2348,2236,2129,2027,1930,1837,1749,1666,1586,1510,1437,1369,1303,1241,1181,1125,1071,1019,971,924,880,838,798,759,723,688,655,624,594,566,539,513,488,465,442,421,401,382,364,346
Golden-Headed Langur,Himalayas,Nepal,28.0,83.0,1838,1806,1775,1744,1714,1684,1655,1626,1598,1571,1544,1517,1491,1465,1440,1415,1390,1366,1343,1319,1297,1274,1252,1230,1209,1188,1168,1148,1128,1108,1089,1070,1052,1034,1016,998,981,964,947,931,915,899,883,868,853,838,824,810,796,782,768,755,742,729,717
Okinawa Rail,Madagascar,Madagascar,-20.0,47.0,3054,3012,2971,2931,2891,2852,2813,2775,2737,2700,2663,2627,2591,2556,2521,2487,2453,2420,2387,2355,2323,2291,2260,2229,2199,2169,2140,2111,2082,2054,2026,1998,1971,1944,1918,1892,1866,1841,1816,1791,1767,1743,1719,1696,1673,1650,1628,1606,1584,1562,1541,1520,1499,1479,1459
Malayan Pangolin,Yangtze River,China,31.0,120.5,3744,3705,3666,3628,3590,3553,3516,3479,3443,3407,3372,3337,3302,3268,3234,3200,3167,3134,3101,3069,3037,3005,2974,2943,2913,2882,2852,2823,2793,2764,2735,2707,2679,2651,2623,2596,2569,2542,2516,2490,2464,2438,2413,2388,2363,2338,2314,2290,2266,2242,2219,2196,2173,2151,2128
Philippine Crocodile,Galápagos Islands,Ecuador,-0.5,-91.0,2593,2530,2469,2409,2351,2294,2239,2185,2132,2081,2030,1981,1933,1887,1841,1797,1753,1711,1670,1629,1590,1552,1514,1478,1442,1407,1373,1340,1308,1276,1245,1215,1186,1157,1129,1102,1075,1049,1024,999,975,952,929,906,884,863,842,822,802,783,764,745,727,710,693
Gooty Sapphire Tarantula,Galápagos Islands,Ecuador,-0.5,-91.0,4027,3963,3900,3839,3778,3718,3660,3602,3545,3489,3434,3380,3326,3274,3222,3171,3121,3072,3023,2976,2929,2883,2837,2792,2748,2705,2662,2620,2579,2538,2498,2458,2420,2381,2344,2307,2270,2234,2199,2164,2130,2097,2063,2031,1999,1967,1936,1906,1876,1846,1817,1788,1760,1732,1705
Honduran White Bat,Great Barrier Reef,Australia,-18.3,147.7,2260,2184,2110,2039,1971,1904,1840,1778,1719,1661,1605,1551,1499,1448,1400,1353,1307,1263,1221,1180,1140,1102,1065,1029,994,961,929,897,867,838,810,783,756,731,706,682,659,637,616,595,575,556,537,519,502,485,468,453,437,423,408,395,381,369,356
Black Lion Tamarin,Sumatra Rainforest,Indonesia,-2.0,101.0,4980,4746,4524,4312,4110,3918,3734,3559,3393,3234,3082,2938,2800,2669,2544,2425,2311,2203,2100,2002,1908,1818,1733,1652,1575,1501,1431,1364,1300,1239,1181,1125,1073,1022,975,929,885,844,804,767,731,696,664,633,603,575,548,522,498,474,452,431,411,391,373
Bornean Pygmy Elephant,Sumatra Rainforest,Indonesia,-2.0,101.0,2674,2604,2537,2471,2407,2345,2284,2225,2168,2112,2057,2004,1952,1902,1852,1804,1758,1712,1668,1625,1583,1542,1502,1463,1425,1388,1352,1317,1283,1250,1218,1186,1156,1126,1097,1068,1041,1014,987,962,937,913,889,866,844,822,801,780,760,740,721,702,684,666,649
Saiga Antelope,Sumatra Rainforest,Indonesia,-2.0,101.0,858,842,827,812,797,783,768,754,741,727,714,701,688,676,664,652,640,628,617,606,595,584,573,563,553,543,533,523,514,504,495,486,478,469,460,452,444,436,428,420,412,405,398,390,383,376,370,363,356,350,343,337,331,325,319
Mexican Axolotl,Yangtze River,China,31.0,120.5,1536,1518,1501,1485,1468,1452,1436,1420,1404,1388,1373,1357,1342,1327,1313,1298,1283,1269,1255,1241,1227,1214,1200,1187,1173,1160,1147,1135,1122,1109,1097,1085,1073,1061,1049,1037,1026,1014,1003,992,981,970,959,948,938,927,917,907,897,887,877,867,857,848,838
Angel Shark,Andes Mountains,Peru,-13.2,-72.3,1383,1324,1267,1214,1162,1113,1065,1020,977,935,895,857,821,786,752,720,690,660,632,605,580,555,531,509,487,466,447,428,409,392,375,359,344,329,315,302,289,277,265,254,243,233,223,213,204,195,187,179,171,164,157,150,144,138,132
Golden Langur,Gulf of California,Mexico,30.0,-114.0,520,506,494,481,469,457,445,434,423,412,402,392,382,372,363,354,345,336,327,319,311,303,295,288,281,273,267,260,253,247,241,234,229,223,217,212,206,201,196,191,186,181,177,172,168,164,159,155,151,148,144,140,137,133,130
Ploughshare Tortoise,Galápagos Islands,Ecuador,-0.5,-91.0,3672,3570,3472,3376,3283,3193,3105,3019,2936,2855,2777,2700,2626,2554,2483,2415,2348,2284,2221,2159,2100,2042,1986,1931,1878,1826,1776,1727,1679,1633,1588,1544,1502,1460,1420,1381,1343,1306,1270,1235,1201,1168,1136,1104,1074,1044,1016,988,960,934,908,883,859,835,812
Scarlet Macaw,Gulf of California,Mexico,30.0,-114.0,1004,962,923,885,848,814,780,748,717,688,660,633,607,582,558,535,513,492,472,452,434,416,399,382,367,351,337,323,310,297,285,273,262,251,241,231,221,212,204,195,187,179,172,165,158,152,145,139,134,128,123,118,113,108,104
Red-Fronted Macaw,Sundarbans Mangroves,Bangladesh,21.9,89.1,2791,2699,2611,2526,2443,2363,2286,2211,2139,2069,2001,1936,1873,1811,1752,1695,1639,1586,1534,1484,1435,1388,1343,1299,1257,1215,1176,1137,1100,1064,1029,996,963,932,901,872,843,816,789,763,738,714,691,668,646,625,605,585,566,547,529,512,495,479,463
South China Tiger,Hawaiian Islands,USA,20.0,-155.0,3588,3480,3376,3275,3178,3083,2990,2901,2814,2730,2649,2570,2493,2418,2346,2276,2208,2142,2078,2016,1956,1897,1840,1785,1732,1680,1630,1581,1534,1488,1444,1401,1359,1318,1279,1240,1203,1167,1133,1099,1066,1034,1003,973,944,916,888,862,836,811,787,763,740,718,697
Tapanuli Orangutan,Amazon Rainforest,Brazil,-3.5,-62.0,4267,4133,4005,3880,3759,3641,3528,3418,3311,3208,3108,3011,2917,2826,2738,2653,2570,2490,2412,2337,2264,2193,2125,2059,1995,1932,1872,1814,1757,1702,1649,1598,1548,1500,1453,1408,1364,1321,1280,1240,1201,1164,1128,1092,1058,1025,993,962,932,903,875,848,821,796,771
Western Swamp Tortoise,Gulf of California,Mexico,30.0,-114.0,1806,1783,1761,1739,1717,1696,1674,1653,1633,1612,1592,1572,1553,1533,1514,1495,1477,1458,1440,1422,1404,1387,1369,1352,1335,1319,1302,1286,1270,1254,1238,1223,1208,1193,1178,1163,1148,1134,1120,1106,1092,1078,1065,1052,1039,1026,1013,1000,988,975,963,951,939,927,916
Yellow-Eyed Penguin,Sumatra Rainforest,Indonesia,-2.0,101.0,1271,1229,1188,1149,1111,1074,1039,1004,971,939,908,878,849,821,794,768,742,718,694,671,649,628,607,587,567,549,531,513,496,480,464,449,434,419,406,392,379,367,355,343,331,321,310,300,290,280,271,262,253,245,237,229,221,214,207
Tanzanian Devil Ray,Himalayas,Nepal,28.0,83.0,834,796,760,725,692,661,631,603,575,549,524,501,478,456,436,416,397,379,362,345,330,315,300,287,274,261,250,238,227,217,207,198,189,180,172,164,157,150,143,136,130,124,119,113,108,103,99,94,90,86,82,78,74,71,68
Giant Panda,Hainan Island,China,19.0,109.0,3457,3375,3295,3217,3142,3067,2995,2924,2855,2788,2722,2658,2595,2534,2474,2416,2359,2303,2249,2196,2144,2093,2044,1995,1948,1902,1857,1814,1771,1729,1688,1648,1609,1571,1534,1498,1463,1428,1394,1362,1329,1298,1267,1237,1208,1180,1152,1125,1098,1072,1047,1022,998,974,951
Indian Vulture,Madagascar,Madagascar,-20.0,47.0,2193,2128,2065,2004,1945,1887,1832,1777,1725,1674,1624,1576,1530,1485,1441,1398,1357,1317,1278,1240,1204,1168,1134,1100,1068,1036,1005,976,947,919,892,865,840,815,791,768,745,723,701,681,661,641,622,604,586,569,552,535,520,504,489,475,461,447,434
California Red-Legged Frog,Himalayas,Nepal,28.0,83.0,1172,1158,1145,1132,1119,1106,1094,1081,1069,1057,1045,1033,1021,1010,998,987,976,965,954,943,932,921,911,901,890,880,870,860,851,841,831,822,813,803,794,785,776,767,759,750,742,733,725,717,708,700,692,684,677,669,661,654,646,639,632
Sumatran Rhino,Gulf of California,Mexico,30.0,-114.0,4243,4095,3953,3816,3684,3556,3433,3314,3199,3088,2981,2877,2778,2681,2588,2498,2412,2328,2247,2169,2094,2021,1951,1884,1818,1755,1694,1636,1579,1524,1471,1420,1371,1323,1277,1233,1190,1149,1109,1071,1034,998,963,930,897,866,836,807,779,752,726,701,677,653,630
Bactrian Camel,Hainan Island,China,19.0,109.0,3803,3746,3691,3636,3582,3529,3476,3425,3374,3324,3275,3226,3178,3131,3085,3039,2994,2949,2905,2862,2820,2778,2737,2696,2656,2617,2578,2540,2502,2465,2428,2392,2357,2322,2287,2253,2220,2187,2155,2123,2091,2060,2030,1999,1970,1941,1912,1883,1855,1828,1801,1774,1748,1722,1696
Indigo Macaw,Sundarbans Mangroves,Bangladesh,21.9,89.1,3286,3240,3195,3150,3106,3063,3020,2978,2937,2896,2856,2816,2777,2738,2700,2662,2625,2589,2552,2517,2482,2447,2413,2380,2346,2314,2282,2250,2218,2188,2157,2127,2097,2068,2039,2011,1983,1955,1928,1901,1875,1849,1823,1797,1772,1748,1723,1699,1676,1652,1629,1607,1584,1562,1540
Ivory Gull,Hawaiian Islands,USA,20.0,-155.0,2293,2264,2235,2207,2180,2152,2125,2098,2072,2046,2020,1995,1970,1945,1921,1897,1873,1849,1826,1803,1781,1758,1736,1714,1693,1672,1651,1630,1610,1589,1569,1550,1530,1511,1492,1473,1455,1437,1419,1401,1383,1366,1349,1332,1315,1298,1282,1266,1250,1234,1219,1204,1189,1174,1159
Hainan Gibbon,Russian Far East,Russia,46.0,134.0,2737,2629,2526,2427,2332,2241,2153,2069,1987,1910,1835,1763,1694,1627,1564,1502,1443,1387,1333,1280,1230,1182,1136,1091,1048,1007,968,930,893,858,825,792,761,731,703,675,649,623,599,575,553,531,510,490,471,453,435,418,401,386,371,356,342,329,316
Madagascar Fish Eagle,Russian Far East,Russia,46.0,134.0,3689,3557,3431,3309,3191,3078,2968,2863,2761,2663,2568,2477,2388,2303,2222,2143,2066,1993,1922,1854,1788,1724,1663,1604,1547,1492,1438,1387,1338,1290,1244,1200,1157,1116,1077,1038,1001,966,931,898,866,835,806,777,749,723,697,672,648,625,603,582,561,541,522
Malayan Tapir,Andes Mountains,Peru,-13.2,-72.3,4098,3966,3839,3716,3597,3482,3370,3262,3158,3057,2959,2864,2772,2683,2597,2514,2434,2356,2280,2207,2136,2068,2002,1938,1875,1815,1757,1701,1646,1594,1543,1493,1445,1399,1354,1311,1269,1228,1189,1151,1114,1078,1044,1010,978,946,916,887,858,831,804,778,753,729,706
Pangasius Catfish,Hainan Island,China,19.0,109.0,4289,4137,3991,3850,3714,3583,3457,3334,3217,3103,2994,2888,2786,2688,2593,2501,2413,2328,2245,2166,2090,2016,1945,1876,1810,1746,1684,1625,1567,1512,1459,1407,1357,1309,1263,1219,1176,1134,1094,1055,1018,982,947,914,882,851,821,792,764,737,711,685,661,638,615
Seychelles Magpie Robin,Madagascar,Madagascar,-20.0,47.0,2921,2836,2754,2675,2597,2522,2450,2379,2310,2243,2179,2116,2055,1995,1938,1882,1827,1775,1723,1674,1625,1578,1533,1488,1445,1404,1363,1324,1286,1248,1212,1177,1143,1110,1078,1047,1017,988,959,931,904,878,853,828,804,781,759,737,715,695,675,655,636,618,600
Sun Bear,Russian Far East,Russia,46.0,134.0,2675,2635,2595,2556,2518,2481,2444,2407,2371,2336,2301,2267,2233,2199,2167,2134,2102,2071,2040,2010,1980,1950,1921,1892,1864,1836,1809,1782,1755,1729,1703,1678,1653,1628,1604,1580,1556,1533,1510,1487,1465,1443,1422,1401,1380,1359,1339,1319,1299,1280,1261,1242,1223,1205,1187
Mexican Wolf,Sundarbans Mangroves,Bangladesh,21.9,89.1,1635,1571,1511,1452,1396,1342,1290,1240,1192,1146,1102,1059,1018,979,941,905,870,836,804,773,743,714,686,660,634,610,586,563,542,521,501,481,463,445,427,411,395,380,365,351,337,324,312,300,288,277,266,256,246,236,227,218,210,202,194
Tasmanian Devil,Yangtze River,China,31.0,120.5,3650,3553,3459,3368,3279,3193,3108,3026,2946,2869,2793,2719,2647,2578,2510,2443,2379,2316,2255,2195,2137,2081,2026,1973,1920,1870,1820,1772,1726,1680,1636,1593,1550,1510,1470,1431,1393,1356,1321,1286,1252,1219,1187,1155,1125,1095,1066,1038,1011,984,958,933,908,884,861
Red-Fronted Lemur,Hawaiian Islands,USA,20.0,-155.0,2720,2601,2489,2381,2277,2178,2084,1993,1907,1824,1745,1669,1597,1527,1461,1398,1337,1279,1223,1170,1119,1071,1024,980,937,897,858,820,785,751,718,687,657,629,601,575,550,526,503,482,461,441,421,403,386,369,353,338,323,309,295,283,270,259,247
Tree Kangaroo,Hainan Island,China,19.0,109.0,732,710,688,668,648,628,610,591,574,556,540,524,508,493,478,464,450,436,423,411,398,386,375,364,353,342,332,322,312,303,294,285,277,268,260,252,245,238,230,224,217,210,204,198,192,186,181,175,170,165,160,155,150,146,142
Yellow-Eyed Penguin,Andes Mountains,Peru,-13.2,-72.3,3512,3444,3378,3313,3249,3186,3125,3065,3006,2948,2892,2836,2781,2728,2675,2624,2573,2524,2475,2428,2381,2335,2290,2246,2203,2161,2119,2078,2038,1999,1961,1923,1886,1850,1814,1779,1745,1711,1678,1646,1614,1583,1553,1523,1494,1465,1437,1409,1382,1355,1329,1304,1279,1254,1230
African Penguin,Great Barrier Reef,Australia,-18.3,147.7,3887,3787,3689,3594,3502,3412,3324,3239,3155,3074,2995,2918,2843,2770,2699,2629,2562,2496,2432,2369,2308,2249,2191,2135,2080,2026,1974,1924,1874,1826,1779,1733,1689,1645,1603,1562,1521,1482,1444,1407,1371,1336,1301,1268,1235,1203,1173,1142,1113,1084,1056,1029,1003,977,952
Bali Myna,Sumatra Rainforest,Indonesia,-2.0,101.0,792,782,772,762,753,743,734,725,716,707,698,690,681,672,664,656,648,640,632,624,616,608,601,593,586,579,571,564,557,550,543,537,530,523,517,510,504,498,492,485,479,473,468,462,456,450,445,439,434,428,423,418,412,407,402
Ethiopian Wolf,Hainan Island,China,19.0,109.0,2919,2787,2661,2541,2427,2317,2213,2113,2018,1927,1840,1757,1678,1602,1530,1461,1395,1332,1272,1214,1160,1107,1057,1010,964,921,879,839,802,765,731,698,666,636,608,580,554,529,505,482,461,440,420,401,383,366,349,333,318,304,290,277,265,253,241
Pygmy Hog,Congo Rainforest,Democratic Republic of Congo,-1.5,23.5,4864,4642,4431,4229,4037,3853,3678,3510,3351,3198,3053,2914,2781,2655,2534,2419,2308,2203,2103,2007,1916,1829,1746,1666,1590,1518,1449,1383,1320,1260,1203,1148,1096,1046,998,953,909,868,828,791,755,720,688,656,626,598,571,545,520,496,474,452,431,412,393
Baikal Seal,Amazon Rainforest,Brazil,-3.5,-62.0,3105,2968,2837,2713,2593,2479,2370,2266,2166,2071,1980,1893,1809,1730,1654,1581,1511,1445,1381,1320,1262,1207,1154,1103,1054,1008,964,921,881,842,805,769,736,703,672,643,614,587,561,537,513,490,469,448,428,410,392,374,358,342,327,313,299,286,273
Red Panda,Galápagos Islands,Ecuador,-0.5,-91.0,3229,3099,2974,2854,2739,2629,2523,2421,2324,2230,2141,2054,1972,1892,1816,1743,1673,1605,1541,1479,1419,1362,1307,1255,1204,1156,1109,1064,1021,980,941,903,867,832,798,766,735,706,677,650,624,599,574,551,529,508,487,468,449,431,413,397,381,365,351
Black-Footed Cat,Himalayas,Nepal,28.0,83.0,3089,2974,2863,2757,2655,2556,2461,2370,2282,2197,2116,2037,1962,1889,1819,1751,1686,1624,1563,1505,1449,1396,1344,1294,1246,1200,1155,1112,1071,1031,993,956,920,886,853,822,791,762,734,706,680,655,630,607,585,563,542,522,502,484,466,448,432,416,400
Japanese Giant Salamander,Congo Rainforest,Democratic Republic of Congo,-1.5,23.5,4539,4418,4300,4186,4075,3966,3861,3758,3658,3561,3467,3374,3285,3197,3112,3030,2949,2871,2794,2720,2648,2577,2509,2442,2377,2314,2252,2193,2134,2077,2022,1968,1916,1865,1816,1767,1720,1675,1630,1587,1545,1503,1463,1425,1387,1350,1314,1279,1245,1212,1180,1148,1118,1088,1059
Aye-Aye,Sundarbans Mangroves,Bangladesh,21.9,89.1,3760,3710,3661,3613,3565,3518,3472,3426,3381,3337,3293,3249,3206,3164,3123,3081,3041,3001,2961,2922,2884,2846,2808,2771,2735,2699,2663,2628,2594,2559,2526,2492,2460,2427,2395,2364,2332,2302,2271,2241,2212,2183,2154,2126,2098,2070,2043,2016,1989,1963,1937,1912,1887,1862,1837
Cebu Brown Dove,Gulf of California,Mexico,30.0,-114.0,2784,2703,2624,2548,2474,2403,2333,2265,2200,2136,2074,2014,1955,1898,1843,1790,1738,1688,1639,1591,1545,1500,1457,1414,1373,1334,1295,1257,1221,1185,1151,1118,1085,1054,1023,993,965,937,909,883,857,833,808,785,762,740,719,698,677,658,639,620,602,585,568
Chinese Alligator,Congo Rainforest,Democratic Republic of Congo,-1.5,23.5,4548,4483,4419,4357,4295,4234,4174,4114,4056,3998,3942,3886,3831,3776,3723,3670,3618,3566,3516,3466,3417,3368,3320,3273,3227,3181,3136,3091,3047,3004,2961,2919,2878,2837,2797,2757,2718,2679,2641,2604,2567,2530,2495,2459,2424,2390,2356,2322,2289,2257,2225,2193,2162,2132,2101
Bornean Clouded Leopard,Congo Rainforest,Democratic Republic of Congo,-1.5,23.5,4149,4007,3871,3740,3612,3490,3371,3256,3146,3039,2935,2836,2739,2646,2556,2469,2385,2304,2226,2150,2077,2006,1938,1872,1809,1747,1688,1630,1575,1521,1470,1420,1371,1325,1280,1236,1194,1153,1114,1076,1040,1004,970,937,905,875,845,816,788,761,736,711,686,663,640
Kakapo,Hawaiian Islands,USA,20.0,-155.0,2227,2126,2030,1939,1851,1768,1688,1612,1540,1470,1404,1341,1280,1222,1167,1115,1064,1016,971,927,885,845,807,771,736,703,671,641,612,584,558,533,509,486,464,443,423,404,386,368,352,336,321,306,292,279,267,255,243,232,222,212,202,193,184
Galápagos Fur Seal,Gulf of California,Mexico,30.0,-114.0,2713,2613,2517,2425,2336,2251,2168,2089,2012,1939,1868,1799,1733,1670,1609,1550,1493,1438,1385,1335,1286,1239,1193,1150,1107,1067,1028,990,954,919,885,853,821,791,762,734,707,682,657,632,609,587,565,545,525,506,487,469,452,435,419,404,389,375,361
Siberian Tiger,Amazon Rainforest,Brazil,-3.5,-62.0,2708,2606,2508,2414,2324,2237,2153,2072,1994,1920,1848,1778,1712,1648,1586,1526,1469,1414,1361,1310,1261,1214,1168,1124,1082,1042,1003,965,929,894,860,828,797,767,738,711,684,658,634,610,587,565,544,523,504,485,467,449,432,416,401,386,371,357,344
Javan Slow Loris,Andes Mountains,Peru,-13.2,-72.3,2599,2550,2503,2457,2412,2367,2323,2280,2238,2197,2156,2116,2077,2039,2001,1964,1928,1892,1857,1823,1789,1756,1724,1692,1660,1630,1600,1570,1541,1513,1485,1457,1430,1404,1378,1352,1327,1303,1279,1255,1232,1209,1187,1165,1143,1122,1101,1081,1061,1041,1022,1003,985,966,949
Amazonian Manatee,Hainan Island,China,19.0,109.0,887,845,805,768,732,697,665,634,604,576,549,523,498,475,453,432,411,392,374,356,339,324,308,294,280,267,254,243,231,220,210,200,191,182,173,165,157,150,143,136,130,124,118,112,107,102,97,93,88,84,80,76,73,69,66
Irrawaddy Dolphin,Gulf of California,Mexico,30.0,-114.0,4232,4029,3835,3651,3476,3309,3151,2999,2856,2719,2588,2464,2346,2233,2126,2024,1927,1834,1746,1663,1583,1507,1435,1366,1300,1238,1178,1122,1068,1017,968,922,877,835,795,757,721,686,653,622,592,563,536,511,486,463,441,419,399,380,362,344,328,312,297
Seychelles Paradise Flycatcher,Galápagos Islands,Ecuador,-0.5,-91.0,964,925,888,853,819,786,755,725,696,668,641,616,591,568,545,523,502,482,463,445,427,410,394,378,363,348,334,321,308,296,284,273,262,251,241,232,223,214,205,197,189,182,174,167,161,154,148,142,136,131,126,121,116,111,107
Lesser Florican,Sumatra Rainforest,Indonesia,-2.0,101.0,4812,4663,4518,4379,4243,4112,3985,3862,3742,3626,3514,3406,3300,3198,3099,3003,2911,2821,2733,2649,2567,2487,2410,2336,2264,2194,2126,2060,1996,1935,1875,1817,1761,1706,1653,1602,1553,1505,1458,1413,1369,1327,1286,1246,1207,1170,1134,1099,1065,1032,1000,969,939,910,882
Himalayan Musk Deer,Yangtze River,China,31.0,120.5,3239,3122,3009,2901,2796,2695,2598,2505,2414,2327,2243,2163,2085,2009,1937,1867,1800,1735,1672,1612,1554,1498,1444,1392,1342,1293,1247,1202,1158,1117,1076,1038,1000,964,929,896,864,832,802,773,746,719,693,668,644,620,598,577,556,536,516,498,480,462,446
Maned Wolf,Sundarbans Mangroves,Bangladesh,21.9,89.1,879,853,828,804,780,757,735,714,693,673,653,634,615,597,580,563,547,531,515,500,485,471,457,444,431,418,406,394,383,372,361,350,340,330,320,311,302,293,284,276,268,260,253,245,238,231,224,218,211,205,199,193,188,182,177
